FirstName,LastName,UserName,Department,Password
Jimmy,Paul,jpaul,developers,welcome123
Paul,Smith,psmith,developers,welcome123
Ellie,Samuel,esamuel,developers,welcome123
Chloe,Jessica,cjessica,developers,welcome123
Sophie Megan,smegan,developers,welcome123
Lucy,Olivia,loliver,developers,welcome123
Charlotte,Hannah,channah,developers,welcome123
Katie,Ella,kella,developers,welcome123
Grace,Mia,gmia,developers,welcome123
Amy,Holly,aholly,developers,welcome123
Lauren,Emma,lemma,developers,welcome123
Molly,Abigail,mabigail,developers,welcome123
Jack,Joshua,jjoshua,developers,welcome123
Thomas,James,tjames,developers,welcome123
Daniel,Oliver,doliver,developers,welcome123
Benjamin,Samuel,bsamuel,developers,welcome123
William,Joseph,wjoseph,developers,welcome123
Harry,Matthew,hmatthew,developers,welcome123
Lewis,Luke,lluke,developers,welcome123
Ethan,George,egeorge,developers,welcome123
Adam,Alfie,aalfie,developers,welcome123
Callum,Alexander,calexander,developers,welcome123
